{"name":"RealizarPedido","identifier":"1TTB05972Q","description":"Ayuda a los clientes a realizar su pedido en la Taquería Los Socios.","parentIntentSignature":null,"sampleUtterances":[{"utterance":"Realizar pedido"},{"utterance":"Tomar orden"},{"utterance":"Quiero realizar mi pedido"},{"utterance":"Quiero tomar mi orden"},{"utterance":"Quiero pedir algo"},{"utterance":"Me gustaría realizar un pedido"},{"utterance":"Me gustaría tomar mi orden"},{"utterance":"Me gustaría pedir algo"}],"intentConfirmationSetting":{"isActive":true,"declinationResponse":{"allowInterrupt":true,"messageGroupsList":[{"message":{"imageResponseCard":null,"ssmlMessage":null,"customPayload":null,"plainTextMessage":{"value":"Entendido. Su orden ha sido cancelada."}},"variations":null}]},"confirmationNextStep":{"sessionAttributes":null,"intent":{"name":null,"slots":null},"dialogAction":{"type":"FulfillIntent","slotToElicit":null,"suppressNextMessage":null}},"confirmationResponse":{"allowInterrupt":true,"messageGroupsList":[{"message":{"imageResponseCard":null,"ssmlMessage":null,"customPayload":null,"plainTextMessage":{"value":"Gracias por confirmarlo."}},"variations":null}]},"failureNextStep":{"sessionAttributes":null,"intent":{"name":"FallbackIntent","slots":null},"dialogAction":{"type":"StartIntent","slotToElicit":null,"suppressNextMessage":null}},"elicitationCodeHook":{"enableCodeHookInvocation":true,"invocationLabel":null},"declinationNextStep":{"sessionAttributes":null,"intent":{"name":null,"slots":null},"dialogAction":{"type":"EndConversation","slotToElicit":null,"suppressNextMessage":null}},"promptSpecification":{"allowInterrupt":true,"messageSelectionStrategy":"Random","promptAttemptsSpecification":{"Retry4":{"allowedInputTypes":{"allowAudioInput":true,"allowDTMFInput":true},"audioAndDTMFInputSpecification":{"dtmfSpecification":{"maxLength":513,"deletionCharacter":"*","endCharacter":"#","endTimeoutMs":5000},"startTimeoutMs":4000,"audioSpecification":{"maxLengthMs":15000,"endTimeoutMs":640}},"allowInterrupt":true,"textInputSpecification":{"startTimeoutMs":30000}},"Retry2":{"allowedInputTypes":{"allowAudioInput":true,"allowDTMFInput":true},"audioAndDTMFInputSpecification":{"dtmfSpecification":{"maxLength":513,"deletionCharacter":"*","endCharacter":"#","endTimeoutMs":5000},"startTimeoutMs":4000,"audioSpecification":{"maxLengthMs":15000,"endTimeoutMs":640}},"allowInterrupt":true,"textInputSpecification":{"startTimeoutMs":30000}},"Retry3":{"allowedInputTypes":{"allowAudioInput":true,"allowDTMFInput":true},"audioAndDTMFInputSpecification":{"dtmfSpecification":{"maxLength":513,"deletionCharacter":"*","endCharacter":"#","endTimeoutMs":5000},"startTimeoutMs":4000,"audioSpecification":{"maxLengthMs":15000,"endTimeoutMs":640}},"allowInterrupt":true,"textInputSpecification":{"startTimeoutMs":30000}},"Initial":{"allowedInputTypes":{"allowAudioInput":true,"allowDTMFInput":true},"audioAndDTMFInputSpecification":{"dtmfSpecification":{"maxLength":513,"deletionCharacter":"*","endCharacter":"#","endTimeoutMs":5000},"startTimeoutMs":4000,"audioSpecification":{"maxLengthMs":15000,"endTimeoutMs":640}},"allowInterrupt":true,"textInputSpecification":{"startTimeoutMs":30000}},"Retry1":{"allowedInputTypes":{"allowAudioInput":true,"allowDTMFInput":true},"audioAndDTMFInputSpecification":{"dtmfSpecification":{"maxLength":513,"deletionCharacter":"*","endCharacter":"#","endTimeoutMs":5000},"startTimeoutMs":4000,"audioSpecification":{"maxLengthMs":15000,"endTimeoutMs":640}},"allowInterrupt":true,"textInputSpecification":{"startTimeoutMs":30000}}},"messageGroupsList":[{"message":{"imageResponseCard":null,"ssmlMessage":null,"customPayload":null,"plainTextMessage":{"value":"Resumen de su orden: | Alambres - Vegetariano: {alambreVeg}, Pechuga: {alambrePech}, Bistec: {alambreBist}, Chuleta: {alambreChul}, Costilla: {alambreCost}, Arrachera: {alambreArra} | Costras - Pastor: {costraPastor}, Pechuga: {costraPechuga}, Bistec: {costraBistec} | Volcanes - Pastor: {volcanPastor}, Pechuga: {volcanPechuga}, Bistec: {volcanBistec} | Tortas - Pastor: {tortaPastor}, Maciza: {tortaMaciza}, Suadero: {tortaSuadero}, Longaniza: {tortaLonganiza}, Pechuga: {tortaPechuga}, Bistec: {tortaBistec}, Chuleta: {tortaChuleta} | Bebidas - Refresco: {refresco}, Agua Natural: {aguaNatural}, Agua de Jamaica: {aguaJamaica}, Agua de Horchata: {aguaHorchata} | Cervezas - Botella: {botellaCerveza}, Barril: {barrilCerveza}, Litro: {litroCerveza}, Michelada: {michelada}, Michelato: {michelato} | Postres - Arroz con Leche: {arrozLeche}, Pastel de Chocolate: {pastelChocolate}, Fresas con Crema: {fresasCrema}, Gelatina: {gelatina}, Flan: {flan} | ¿Desea confirmar su orden?"}},"variations":null}],"maxRetries":4}},"intentClosingSetting":null,"initialResponseSetting":{"initialResponse":{"allowInterrupt":true,"messageGroupsList":[{"message":{"imageResponseCard":null,"ssmlMessage":null,"customPayload":null,"plainTextMessage":{"value":"¡Hola! Con gusto te ayudaré."}},"variations":null}]},"codeHook":{"isActive":false,"postCodeHookSpecification":{"successNextStep":{"sessionAttributes":null,"intent":{"name":null,"slots":null},"dialogAction":{"type":"EndConversation","slotToElicit":null,"suppressNextMessage":null}},"successResponse":null,"timeoutResponse":null,"timeoutNextStep":{"sessionAttributes":null,"intent":{"name":null,"slots":null},"dialogAction":{"type":"EndConversation","slotToElicit":null,"suppressNextMessage":null}},"timeoutConditional":null,"failureResponse":null,"failureNextStep":{"sessionAttributes":null,"intent":{"name":null,"slots":null},"dialogAction":{"type":"EndConversation","slotToElicit":null,"suppressNextMessage":null}},"failureConditional":null,"successConditional":null},"enableCodeHookInvocation":true,"invocationLabel":null},"conditional":null,"nextStep":{"sessionAttributes":null,"intent":{"name":null,"slots":null},"dialogAction":{"type":"ElicitSlot","slotToElicit":"tipoPedido","suppressNextMessage":null}}},"inputContexts":null,"outputContexts":null,"kendraConfiguration":null,"dialogCodeHook":null,"fulfillmentCodeHook":{"isActive":true,"fulfillmentUpdatesSpecification":null,"postFulfillmentStatusSpecification":{"successNextStep":{"sessionAttributes":null,"intent":{"name":null,"slots":null},"dialogAction":{"type":"EndConversation","slotToElicit":null,"suppressNextMessage":null}},"successResponse":null,"timeoutResponse":null,"timeoutNextStep":{"sessionAttributes":null,"intent":{"name":null,"slots":null},"dialogAction":{"type":"EndConversation","slotToElicit":null,"suppressNextMessage":null}},"failureResponse":null,"failureNextStep":{"sessionAttributes":null,"intent":{"name":null,"slots":null},"dialogAction":{"type":"EndConversation","slotToElicit":null,"suppressNextMessage":null}}},"enabled":true},"slotPriorities":[{"priority":3,"slotName":"alambreVeg"},{"priority":34,"slotName":"fresasCrema"},{"priority":8,"slotName":"alambreArra"},{"priority":30,"slotName":"michelada"},{"priority":33,"slotName":"pastelChocolate"},{"priority":13,"slotName":"volcanPechuga"},{"priority":21,"slotName":"tortaChuleta"},{"priority":29,"slotName":"litroCerveza"},{"priority":32,"slotName":"arrozLeche"},{"priority":14,"slotName":"volcanBistec"},{"priority":23,"slotName":"refresco"},{"priority":1,"slotName":"tipoPedido"},{"priority":7,"slotName":"alambreCost"},{"priority":6,"slotName":"alambreChul"},{"priority":16,"slotName":"tortaMaciza"},{"priority":27,"slotName":"botellaCerveza"},{"priority":25,"slotName":"aguaJamaica"},{"priority":11,"slotName":"costraBistec"},{"priority":19,"slotName":"tortaPechuga"},{"priority":17,"slotName":"tortaSuadero"},{"priority":9,"slotName":"costraPastor"},{"priority":24,"slotName":"aguaNatural"},{"priority":26,"slotName":"aguaHorchata"},{"priority":15,"slotName":"tortaPastor"},{"priority":35,"slotName":"gelatina"},{"priority":28,"slotName":"barrilCerveza"},{"priority":4,"slotName":"alambrePech"},{"priority":36,"slotName":"flan"},{"priority":31,"slotName":"michelato"},{"priority":12,"slotName":"volcanPastor"},{"priority":37,"slotName":"boolPedirMas"},{"priority":22,"slotName":"tipoBebida"},{"priority":20,"slotName":"tortaBistec"},{"priority":5,"slotName":"alambreBist"},{"priority":2,"slotName":"tipoPlatillo"},{"priority":18,"slotName":"tortaLonganiza"},{"priority":10,"slotName":"costraPechuga"}]}