{"name":"tipoPedido","identifier":"FHUTLYLWZU","description":null,"slotTypeName":"tipoPedido","obfuscationSetting":null,"valueElicitationSetting":{"slotCaptureSetting":{"captureResponse":null,"captureNextStep":{"sessionAttributes":null,"intent":{"name":null,"slots":null},"dialogAction":{"type":"EvaluateConditional","slotToElicit":null,"suppressNextMessage":null}},"captureConditional":{"isActive":true,"conditionalBranches":[{"name":"Platillo","response":null,"condition":{"expressionString":"{tipoPedido} = \"Platillo\""},"nextStep":{"sessionAttributes":null,"intent":{"name":null,"slots":{"tipoPlatillo":{"value":{"interpretedValue":null},"values":null,"shape":null}}},"dialogAction":{"type":"ElicitSlot","slotToElicit":"tipoPlatillo","suppressNextMessage":null}}},{"name":"Bebida","response":null,"condition":{"expressionString":"{tipoPedido} = \"Bebida\""},"nextStep":{"sessionAttributes":null,"intent":{"name":null,"slots":{"tipoBebida":{"value":{"interpretedValue":null},"values":null,"shape":null}}},"dialogAction":{"type":"ElicitSlot","slotToElicit":"tipoBebida","suppressNextMessage":null}}},{"name":"Postre","response":{"allowInterrupt":true,"messageGroupsList":[{"message":{"imageResponseCard":null,"ssmlMessage":null,"customPayload":null,"plainTextMessage":{"value":"¡Excelente! En nuestro menú contamos con una variedad de postres. En seguida te preguntaré por cada uno de ellos."}},"variations":null}]},"condition":{"expressionString":"{tipoPedido} = \"Postre\""},"nextStep":{"sessionAttributes":null,"intent":{"name":null,"slots":{"fresasCrema":{"value":{"interpretedValue":null},"values":null,"shape":null},"gelatina":{"value":{"interpretedValue":null},"values":null,"shape":null},"flan":{"value":{"interpretedValue":null},"values":null,"shape":null},"pastelChocolate":{"value":{"interpretedValue":null},"values":null,"shape":null},"arrozLeche":{"value":{"interpretedValue":null},"values":null,"shape":null}}},"dialogAction":{"type":"ElicitSlot","slotToElicit":"arrozLeche","suppressNextMessage":null}}}],"defaultBranch":{"response":null,"nextStep":{"sessionAttributes":null,"intent":{"name":null,"slots":null},"dialogAction":{"type":"EndConversation","slotToElicit":null,"suppressNextMessage":null}}}},"failureResponse":null,"failureNextStep":{"sessionAttributes":null,"intent":{"name":"FallbackIntent","slots":null},"dialogAction":{"type":"StartIntent","slotToElicit":null,"suppressNextMessage":null}},"failureConditional":null,"elicitationCodeHook":{"enableCodeHookInvocation":true,"invocationLabel":null},"codeHook":null},"promptSpecification":{"allowInterrupt":true,"messageSelectionStrategy":"Random","promptAttemptsSpecification":{"Initial":{"allowedInputTypes":{"allowAudioInput":true,"allowDTMFInput":true},"audioAndDTMFInputSpecification":{"dtmfSpecification":{"maxLength":513,"deletionCharacter":"*","endCharacter":"#","endTimeoutMs":5000},"startTimeoutMs":4000,"audioSpecification":{"maxLengthMs":15000,"endTimeoutMs":640}},"allowInterrupt":true,"textInputSpecification":{"startTimeoutMs":30000}},"Retry2":{"allowedInputTypes":{"allowAudioInput":true,"allowDTMFInput":true},"audioAndDTMFInputSpecification":{"dtmfSpecification":{"maxLength":513,"deletionCharacter":"*","endCharacter":"#","endTimeoutMs":5000},"startTimeoutMs":4000,"audioSpecification":{"maxLengthMs":15000,"endTimeoutMs":640}},"allowInterrupt":true,"textInputSpecification":{"startTimeoutMs":30000}},"Retry3":{"allowedInputTypes":{"allowAudioInput":true,"allowDTMFInput":true},"audioAndDTMFInputSpecification":{"dtmfSpecification":{"maxLength":513,"deletionCharacter":"*","endCharacter":"#","endTimeoutMs":5000},"startTimeoutMs":4000,"audioSpecification":{"maxLengthMs":15000,"endTimeoutMs":640}},"allowInterrupt":true,"textInputSpecification":{"startTimeoutMs":30000}},"Retry1":{"allowedInputTypes":{"allowAudioInput":true,"allowDTMFInput":true},"audioAndDTMFInputSpecification":{"dtmfSpecification":{"maxLength":513,"deletionCharacter":"*","endCharacter":"#","endTimeoutMs":5000},"startTimeoutMs":4000,"audioSpecification":{"maxLengthMs":15000,"endTimeoutMs":640}},"allowInterrupt":true,"textInputSpecification":{"startTimeoutMs":30000}},"Retry4":{"allowedInputTypes":{"allowAudioInput":true,"allowDTMFInput":true},"audioAndDTMFInputSpecification":{"dtmfSpecification":{"maxLength":513,"deletionCharacter":"*","endCharacter":"#","endTimeoutMs":5000},"startTimeoutMs":4000,"audioSpecification":{"maxLengthMs":15000,"endTimeoutMs":640}},"allowInterrupt":true,"textInputSpecification":{"startTimeoutMs":30000}}},"messageGroupsList":[{"message":{"imageResponseCard":null,"ssmlMessage":null,"customPayload":null,"plainTextMessage":{"value":"¿Deseas pedir platillo, bebida o postre?"}},"variations":null}],"maxRetries":4},"slotConstraint":"Required","defaultValueSpecification":null,"sampleUtterances":null,"waitAndContinueSpecification":null},"multipleValuesSetting":null}