{"name":"tipoBebida","identifier":"UVPTLUKAUQ","description":null,"slotTypeName":"tipoBebida","obfuscationSetting":null,"valueElicitationSetting":{"slotCaptureSetting":{"captureResponse":null,"captureNextStep":{"sessionAttributes":null,"intent":{"name":null,"slots":null},"dialogAction":{"type":"EvaluateConditional","slotToElicit":null,"suppressNextMessage":null}},"captureConditional":{"isActive":true,"conditionalBranches":[{"name":"Refrescos","response":null,"condition":{"expressionString":"{tipoBebida} = \"Refrescos\""},"nextStep":{"sessionAttributes":null,"intent":{"name":null,"slots":{"refresco":{"value":{"interpretedValue":null},"values":null,"shape":null}}},"dialogAction":{"type":"ElicitSlot","slotToElicit":"refresco","suppressNextMessage":null}}},{"name":"Aguas","response":{"allowInterrupt":true,"messageGroupsList":[{"message":{"imageResponseCard":null,"ssmlMessage":null,"customPayload":null,"plainTextMessage":{"value":"Bien, tenemos aguas de tipo: natural, jamaica y horchata. Ahora te preguntaré por cada tipo de agua."}},"variations":null}]},"condition":{"expressionString":"{tipoBebida} = \"Aguas\""},"nextStep":{"sessionAttributes":null,"intent":{"name":null,"slots":{"aguaNatural":{"value":{"interpretedValue":null},"values":null,"shape":null},"aguaHorchata":{"value":{"interpretedValue":null},"values":null,"shape":null},"aguaJamaica":{"value":{"interpretedValue":null},"values":null,"shape":null}}},"dialogAction":{"type":"ElicitSlot","slotToElicit":"aguaNatural","suppressNextMessage":null}}},{"name":"Cervezas","response":{"allowInterrupt":true,"messageGroupsList":[{"message":{"imageResponseCard":null,"ssmlMessage":null,"customPayload":null,"plainTextMessage":{"value":"Contamos con bebidas alcohólicas de tipo: botella, barril, litro, michelada y michelato. Ahora te preguntaré por cada tipo de bebida alcohólica."}},"variations":null}]},"condition":{"expressionString":"{tipoBebida} = \"Cervezas\""},"nextStep":{"sessionAttributes":null,"intent":{"name":null,"slots":{"michelato":{"value":{"interpretedValue":null},"values":null,"shape":null},"botellaCerveza":{"value":{"interpretedValue":null},"values":null,"shape":null},"michelada":{"value":{"interpretedValue":null},"values":null,"shape":null},"litroCerveza":{"value":{"interpretedValue":null},"values":null,"shape":null},"barrilCerveza":{"value":{"interpretedValue":null},"values":null,"shape":null}}},"dialogAction":{"type":"ElicitSlot","slotToElicit":"botellaCerveza","suppressNextMessage":null}}}],"defaultBranch":{"response":null,"nextStep":{"sessionAttributes":null,"intent":{"name":null,"slots":null},"dialogAction":{"type":"ElicitSlot","slotToElicit":"refresco","suppressNextMessage":null}}}},"failureResponse":null,"failureNextStep":{"sessionAttributes":null,"intent":{"name":"FallbackIntent","slots":null},"dialogAction":{"type":"StartIntent","slotToElicit":null,"suppressNextMessage":null}},"failureConditional":null,"elicitationCodeHook":{"enableCodeHookInvocation":true,"invocationLabel":null},"codeHook":null},"promptSpecification":{"allowInterrupt":true,"messageSelectionStrategy":"Random","promptAttemptsSpecification":{"Initial":{"allowedInputTypes":{"allowAudioInput":true,"allowDTMFInput":true},"audioAndDTMFInputSpecification":{"dtmfSpecification":{"maxLength":513,"deletionCharacter":"*","endCharacter":"#","endTimeoutMs":5000},"startTimeoutMs":4000,"audioSpecification":{"maxLengthMs":15000,"endTimeoutMs":640}},"allowInterrupt":true,"textInputSpecification":{"startTimeoutMs":30000}},"Retry2":{"allowedInputTypes":{"allowAudioInput":true,"allowDTMFInput":true},"audioAndDTMFInputSpecification":{"dtmfSpecification":{"maxLength":513,"deletionCharacter":"*","endCharacter":"#","endTimeoutMs":5000},"startTimeoutMs":4000,"audioSpecification":{"maxLengthMs":15000,"endTimeoutMs":640}},"allowInterrupt":true,"textInputSpecification":{"startTimeoutMs":30000}},"Retry3":{"allowedInputTypes":{"allowAudioInput":true,"allowDTMFInput":true},"audioAndDTMFInputSpecification":{"dtmfSpecification":{"maxLength":513,"deletionCharacter":"*","endCharacter":"#","endTimeoutMs":5000},"startTimeoutMs":4000,"audioSpecification":{"maxLengthMs":15000,"endTimeoutMs":640}},"allowInterrupt":true,"textInputSpecification":{"startTimeoutMs":30000}},"Retry1":{"allowedInputTypes":{"allowAudioInput":true,"allowDTMFInput":true},"audioAndDTMFInputSpecification":{"dtmfSpecification":{"maxLength":513,"deletionCharacter":"*","endCharacter":"#","endTimeoutMs":5000},"startTimeoutMs":4000,"audioSpecification":{"maxLengthMs":15000,"endTimeoutMs":640}},"allowInterrupt":true,"textInputSpecification":{"startTimeoutMs":30000}},"Retry4":{"allowedInputTypes":{"allowAudioInput":true,"allowDTMFInput":true},"audioAndDTMFInputSpecification":{"dtmfSpecification":{"maxLength":513,"deletionCharacter":"*","endCharacter":"#","endTimeoutMs":5000},"startTimeoutMs":4000,"audioSpecification":{"maxLengthMs":15000,"endTimeoutMs":640}},"allowInterrupt":true,"textInputSpecification":{"startTimeoutMs":30000}}},"messageGroupsList":[{"message":{"imageResponseCard":null,"ssmlMessage":null,"customPayload":null,"plainTextMessage":{"value":"Con gusto. Tenemos refrescos, aguas y cervezas. ¿Qué bebida te gustaría?"}},"variations":null}],"maxRetries":4},"slotConstraint":"Required","defaultValueSpecification":null,"sampleUtterances":null,"waitAndContinueSpecification":null},"multipleValuesSetting":null}