{"name":"tipoPlatillo","identifier":"Y357JXLFXM","description":null,"slotTypeName":"tipoPlatillo","obfuscationSetting":null,"valueElicitationSetting":{"slotCaptureSetting":{"captureResponse":null,"captureNextStep":{"sessionAttributes":null,"intent":{"name":null,"slots":null},"dialogAction":{"type":"EvaluateConditional","slotToElicit":null,"suppressNextMessage":null}},"captureConditional":{"isActive":true,"conditionalBranches":[{"name":"Alambres","response":{"allowInterrupt":true,"messageGroupsList":[{"message":{"imageResponseCard":null,"ssmlMessage":null,"customPayload":null,"plainTextMessage":{"value":"Bien, tenemos alambres de tipo: vegetariano, pechuga, bistec, chuleta, costilla y arrachera. Ahora te preguntaré por cada tipo de alambre."}},"variations":null}]},"condition":{"expressionString":"{tipoPlatillo} = \"Alambres\""},"nextStep":{"sessionAttributes":null,"intent":{"name":null,"slots":{"alambreArra":{"value":{"interpretedValue":null},"values":null,"shape":null},"alambreVeg":{"value":{"interpretedValue":null},"values":null,"shape":null},"alambreChul":{"value":{"interpretedValue":null},"values":null,"shape":null},"alambreCost":{"value":{"interpretedValue":null},"values":null,"shape":null},"alambrePech":{"value":{"interpretedValue":null},"values":null,"shape":null},"alambreBist":{"value":{"interpretedValue":null},"values":null,"shape":null}}},"dialogAction":{"type":"ElicitSlot","slotToElicit":"alambreVeg","suppressNextMessage":false}}},{"name":"Costras","response":{"allowInterrupt":true,"messageGroupsList":[{"message":{"imageResponseCard":null,"ssmlMessage":null,"customPayload":null,"plainTextMessage":{"value":"Excelente, tenemos costras de tipo: pastor, pechuga y bistec. Ahora te preguntaré por cada tipo de costra."}},"variations":null}]},"condition":{"expressionString":"{tipoPlatillo} = \"Costras\""},"nextStep":{"sessionAttributes":null,"intent":{"name":null,"slots":{"costraPechuga":{"value":{"interpretedValue":null},"values":null,"shape":null},"costraPastor":{"value":{"interpretedValue":null},"values":null,"shape":null},"costraBistec":{"value":{"interpretedValue":null},"values":null,"shape":null}}},"dialogAction":{"type":"ElicitSlot","slotToElicit":"costraPastor","suppressNextMessage":null}}},{"name":"Volcanes","response":{"allowInterrupt":true,"messageGroupsList":[{"message":{"imageResponseCard":null,"ssmlMessage":null,"customPayload":null,"plainTextMessage":{"value":"¡Grandioso! En nuestro menú contamos con volcanes de tipo: pastor, pechuga y bistec. Ahora te preguntaré por cada tipo de volcán."}},"variations":null}]},"condition":{"expressionString":"{tipoPlatillo} = \"Volcanes\""},"nextStep":{"sessionAttributes":null,"intent":{"name":null,"slots":{"volcanPechuga":{"value":{"interpretedValue":null},"values":null,"shape":null},"volcanBistec":{"value":{"interpretedValue":null},"values":null,"shape":null},"volcanPastor":{"value":{"interpretedValue":null},"values":null,"shape":null}}},"dialogAction":{"type":"ElicitSlot","slotToElicit":"volcanPastor","suppressNextMessage":null}}},{"name":"Tortas","response":{"allowInterrupt":true,"messageGroupsList":[{"message":{"imageResponseCard":null,"ssmlMessage":null,"customPayload":null,"plainTextMessage":{"value":"¡Buena elección! Contamos con tortas de tipo: pastor, maciza, suadero, longaniza, pechuga, bistec y chuleta. Ahora te preguntaré por cada tipo de torta."}},"variations":null}]},"condition":{"expressionString":"{tipoPlatillo} = \"Tortas\""},"nextStep":{"sessionAttributes":null,"intent":{"name":null,"slots":{"tortaPechuga":{"value":{"interpretedValue":null},"values":null,"shape":null},"tortaMaciza":{"value":{"interpretedValue":null},"values":null,"shape":null},"tortaSuadero":{"value":{"interpretedValue":null},"values":null,"shape":null},"tortaLonganiza":{"value":{"interpretedValue":null},"values":null,"shape":null},"tortaPastor":{"value":{"interpretedValue":null},"values":null,"shape":null},"tortaBistec":{"value":{"interpretedValue":null},"values":null,"shape":null},"tortaChuleta":{"value":{"interpretedValue":null},"values":null,"shape":null}}},"dialogAction":{"type":"ElicitSlot","slotToElicit":"tortaPastor","suppressNextMessage":null}}}],"defaultBranch":{"response":null,"nextStep":{"sessionAttributes":null,"intent":{"name":null,"slots":null},"dialogAction":{"type":"ElicitSlot","slotToElicit":"alambreVeg","suppressNextMessage":null}}}},"failureResponse":null,"failureNextStep":{"sessionAttributes":null,"intent":{"name":"FallbackIntent","slots":null},"dialogAction":{"type":"StartIntent","slotToElicit":null,"suppressNextMessage":null}},"failureConditional":null,"elicitationCodeHook":{"enableCodeHookInvocation":true,"invocationLabel":null},"codeHook":null},"promptSpecification":{"allowInterrupt":true,"messageSelectionStrategy":"Random","promptAttemptsSpecification":{"Initial":{"allowedInputTypes":{"allowAudioInput":true,"allowDTMFInput":true},"audioAndDTMFInputSpecification":{"dtmfSpecification":{"maxLength":513,"deletionCharacter":"*","endCharacter":"#","endTimeoutMs":5000},"startTimeoutMs":4000,"audioSpecification":{"maxLengthMs":15000,"endTimeoutMs":640}},"allowInterrupt":true,"textInputSpecification":{"startTimeoutMs":30000}},"Retry2":{"allowedInputTypes":{"allowAudioInput":true,"allowDTMFInput":true},"audioAndDTMFInputSpecification":{"dtmfSpecification":{"maxLength":513,"deletionCharacter":"*","endCharacter":"#","endTimeoutMs":5000},"startTimeoutMs":4000,"audioSpecification":{"maxLengthMs":15000,"endTimeoutMs":640}},"allowInterrupt":true,"textInputSpecification":{"startTimeoutMs":30000}},"Retry3":{"allowedInputTypes":{"allowAudioInput":true,"allowDTMFInput":true},"audioAndDTMFInputSpecification":{"dtmfSpecification":{"maxLength":513,"deletionCharacter":"*","endCharacter":"#","endTimeoutMs":5000},"startTimeoutMs":4000,"audioSpecification":{"maxLengthMs":15000,"endTimeoutMs":640}},"allowInterrupt":true,"textInputSpecification":{"startTimeoutMs":30000}},"Retry1":{"allowedInputTypes":{"allowAudioInput":true,"allowDTMFInput":true},"audioAndDTMFInputSpecification":{"dtmfSpecification":{"maxLength":513,"deletionCharacter":"*","endCharacter":"#","endTimeoutMs":5000},"startTimeoutMs":4000,"audioSpecification":{"maxLengthMs":15000,"endTimeoutMs":640}},"allowInterrupt":true,"textInputSpecification":{"startTimeoutMs":30000}},"Retry4":{"allowedInputTypes":{"allowAudioInput":true,"allowDTMFInput":true},"audioAndDTMFInputSpecification":{"dtmfSpecification":{"maxLength":513,"deletionCharacter":"*","endCharacter":"#","endTimeoutMs":5000},"startTimeoutMs":4000,"audioSpecification":{"maxLengthMs":15000,"endTimeoutMs":640}},"allowInterrupt":true,"textInputSpecification":{"startTimeoutMs":30000}}},"messageGroupsList":[{"message":{"imageResponseCard":null,"ssmlMessage":null,"customPayload":null,"plainTextMessage":{"value":"¡Genial! Tenemos alambres, costras, volcanes y tortas. ¿Qué platillo te gustaría?"}},"variations":null}],"maxRetries":4},"slotConstraint":"Required","defaultValueSpecification":null,"sampleUtterances":null,"waitAndContinueSpecification":null},"multipleValuesSetting":null}